Main Category,Sub-Category,Sub-Sub-Category
Apparel,T-shirt,
Apparel,Sweatshirts,
Apparel,Pants & Joggers,
Apparel,Hats,
Apparel,Socks,
Apparel,Workwear & Uniforms,
Apparel,Accessories,
Bags,Tote bags,
Bags,Backpacks,
Bags,Drawstring Bags,
Bags,Duffels & Gym Bags,
Bags,Fanny Packs,
Bags,Lunch Bags & Coolers,
Bags,Travel & Toiletry Bags,
Bags,Laptop Bags,
Bags,Briefcases & Messenger Bags,
Bags,Pouches,
Bags,Wallets & Card Holders,
Bags,Paper Bags,
Bags,Plastic Bags,
Bags,Storage & Food Bags,
Bags,Accessories,
Drinkware,Sport & Water Bottles,
Drinkware,Travel Mugs & Tumblers,
Drinkware,Coffee Mugs & Tea Cups,
Drinkware,Cups,
Drinkware,Glasses,
Drinkware,Pitchers & Thermos Bottles,
Drinkware,Can Coolers,
Drinkware,Straws,
Drinkware,Coasters,
Drinkware,Ice Molds,
Drinkware,Napkins,
Drinkware,Accessories,
Wellness,Wellness Kits,
Wellness,First Aid Kits,
Wellness,Hygiene Kits,
Wellness,Pill Containers,
Wellness,Lip Balms,
Wellness,Sanitizers,
Wellness,Sunscreen,
Wellness,"Soaps, Shampoos & Salts",
Wellness,Lotions,
Wellness,Wipes,
Wellness,Dental Products,
Wellness,Cooling Sticks,
Wellness,Face & Eye Masks,
Wellness,Room Sprays,
Wellness,Candles,
Wellness,Accessories,
Technology,Phone Chargers,
Technology,Power Banks,
Technology,Cables,
Technology,Adapters,
Technology,Phone Cases,
Technology,Phone Stands & Holders,
Technology,Headphones & Earbuds,
Technology,Speakers,
Technology,Mouse Pads,
Technology,Laptop & Messenger Bags,
Technology,Accessories,
Office Supplies,Pens,
Office Supplies,Highlighters,
Office Supplies,Notebooks,
Office Supplies,Calendars,
Office Supplies,Padfolios,
Office Supplies,Bookmarks,
Office Supplies,Sticky Notes,
Office Supplies,Decor,
Office Supplies,Accessories,
Office Supplies,Desk Hygene,
Outdoor,Sunglasses,
Outdoor,Umbrellas,
Outdoor,Hand Held Fans,
Outdoor,Snap Fans,
Outdoor,Towels,
Outdoor,Blankets,
Outdoor,Beach and Yoga Mats,
Outdoor,Coolers,
Outdoor,Folding Chairs,
Outdoor,Chairs,
Outdoor,Stadium Seat Cushions,
Outdoor,Frisbees,
Outdoor,Golf Balls and Accessories,
Outdoor,Grill Sets & BBQ Items,
Stickers,All,
Stickers,Sticker Sheets,
Stickers,Die Cut Stickers,
Stickers,NFC Stickers,
Stickers,Tattoos,
Stickers,Custom,1 x 1
Stickers,Custom,2 x 2
Stickers,Custom,3 x 3
Stickers,Pre Made,PRIDE
Stickers,Pre Made,Trans
Stickers,Pre Made,PReP
Stickers,Pre Made,HIV/AIDS
Stickers,Pre Made,Maternal
Stickers,Pre Made,Nurses
Trade Show and Signage,Backdrops,
Trade Show and Signage,Banners,
Trade Show and Signage,Roll Ups,
Trade Show and Signage,Flags,
Trade Show and Signage,Signs,
Trade Show and Signage,Table Throws,
Trade Show and Signage,Lanyards,
Trade Show and Signage,Awards,
Trade Show and Signage,Accessories,
Other,Home Supplies,
Other,Food,
Other,Food Boxes,
Other,Key Chains,
Other,Magnets,
Other,Pins,
Other,Fidgets & Stress Relievers,
Other,Toys & Novelties,
